[{"Empresa":"ETN TURISTAR LUJO SA DE CV","Beneficiario":"INSTITUTO NACIONAL DE MIGRACION","Fecha":"2025-03-28 21:58:19","Monto":639800000000.0},{"Empresa":"GLAXOSMITHKLINE MEXICO SA DE CV","Beneficiario":"SERVICIOS DE SALUD DEL INSTITUTO MEXICANO DEL SEGURO SOCIAL PARA EL BIENESTAR","Fecha":"2025-05-27 16:02:47","Monto":9872044034.4400005341},{"Empresa":"COMERCIALIZADORA DE SEGURIDAD PRIVADA CON RESPONSABILIDAD SOCIAL","Beneficiario":"COMISION NACIONAL DEL AGUA","Fecha":"2025-03-14 20:51:56","Monto":7555660000.0},{"Empresa":"ASTRAZENECA SA DE CV","Beneficiario":"INSTITUTO MEXICANO DEL SEGURO SOCIAL","Fecha":"2025-03-24 13:33:29","Monto":7260399745.1000003815},{"Empresa":"LABORATORIOS PISA SA DE CV","Beneficiario":"INSTITUTO MEXICANO DEL SEGURO SOCIAL","Fecha":"2025-02-21 20:16:43","Monto":6687894622.5500001907},{"Empresa":"ASTRAZENECA SA DE CV","Beneficiario":"INSTITUTO MEXICANO DEL SEGURO SOCIAL","Fecha":"2025-06-23 10:11:59","Monto":5651319147.8400001526},{"Empresa":"TRIARA.COM SA DE CV","Beneficiario":"BANCO DEL BIENESTAR S.N.C., I.B.D.","Fecha":"2025-01-14 00:00:00","Monto":5161835840.2700004578},{"Empresa":"LABORATORIOS PISA SA DE CV","Beneficiario":"INSTITUTO MEXICANO DEL SEGURO SOCIAL","Fecha":"2025-06-18 13:44:42","Monto":4816301494.970000267},{"Empresa":"GILEAD SCIENCES MEXICO S DE RL DE CV","Beneficiario":"INSTITUTO MEXICANO DEL SEGURO SOCIAL","Fecha":"2025-02-28 19:50:34","Monto":4584625600.0},{"Empresa":"INTEGRA ARRENDA SA DE CV SOFOM ENR","Beneficiario":"INSTITUTO MEXICANO DEL SEGURO SOCIAL","Fecha":"2025-01-14 00:00:00","Monto":4067716320.0},{"Empresa":"NOVARTIS FARMACEUTICA SA DE CV","Beneficiario":"INSTITUTO MEXICANO DEL SEGURO SOCIAL","Fecha":"2025-03-06 16:36:40","Monto":3745771738.3499999046},{"Empresa":"RYSE MEDICA SA DE CV","Beneficiario":"SERVICIOS DE SALUD DEL INSTITUTO MEXICANO DEL SEGURO SOCIAL PARA EL BIENESTAR","Fecha":"2025-04-10 16:31:48","Monto":3728750400.0},{"Empresa":"BOEHRINGER INGELHEIM MEXICO SA DE CV","Beneficiario":"INSTITUTO MEXICANO DEL SEGURO SOCIAL","Fecha":"2025-03-03 08:29:04","Monto":3319639547.6999998093},{"Empresa":"PRODUCTOS  ROCHE SA DE CV","Beneficiario":"INSTITUTO DE SEGURIDAD Y SERVICIOS SOCIALES DE LOS TRABAJADORES DEL ESTADO","Fecha":"2025-04-14 20:59:48","Monto":2891693814.0},{"Empresa":"PRODUCTOS  ROCHE SA DE CV","Beneficiario":"INSTITUTO MEXICANO DEL SEGURO SOCIAL","Fecha":"2025-03-24 10:13:27","Monto":2874371519.0},{"Empresa":"BRISTOL MYERS SQUIBB DE MEXICO S DE RL DE CV","Beneficiario":"INSTITUTO MEXICANO DEL SEGURO SOCIAL","Fecha":"2025-02-21 16:59:02","Monto":2695584112.6999998093},{"Empresa":"TAKEDA MEXICO SA DE CV","Beneficiario":"INSTITUTO MEXICANO DEL SEGURO SOCIAL","Fecha":"2025-03-03 10:34:42","Monto":2684335675.3400001526},{"Empresa":"NOVO NORDISK MEXICO SA DE CV","Beneficiario":"INSTITUTO MEXICANO DEL SEGURO SOCIAL","Fecha":"2025-03-11 18:32:53","Monto":2653062905.8400001526},{"Empresa":"GRIFOLS MEXICO SA DE CV","Beneficiario":"INSTITUTO MEXICANO DEL SEGURO SOCIAL","Fecha":"2025-02-24 16:10:12","Monto":2535264324.0},{"Empresa":"RHINNO SMART SA DE CV","Beneficiario":"INSTITUTO MEXICANO DEL SEGURO SOCIAL","Fecha":"2025-02-24 10:00:36","Monto":2491133772.8400001526},{"Empresa":"INTEGRA ARRENDA SA DE CV SOFOM ENR","Beneficiario":"INSTITUTO DE SEGURIDAD Y SERVICIOS SOCIALES DE LOS TRABAJADORES DEL ESTADO","Fecha":"2025-06-18 20:03:01","Monto":2208971620.8000001907},{"Empresa":"ASTELLAS FARMA MEXICO S DE RL DE CV","Beneficiario":"INSTITUTO MEXICANO DEL SEGURO SOCIAL","Fecha":"2025-02-28 20:02:00","Monto":2164600864.8000001907},{"Empresa":"PRODUCTOS  ROCHE SA DE CV","Beneficiario":"INSTITUTO MEXICANO DEL SEGURO SOCIAL","Fecha":"2025-03-11 11:05:13","Monto":2153035600.0},{"Empresa":"EDENRED MEXICO SA DE CV","Beneficiario":"GUARDIA NACIONAL","Fecha":"2025-03-12 20:35:07","Monto":2121566495.2999999523},{"Empresa":"LABORATORIOS PISA SA DE CV","Beneficiario":"SERVICIOS DE SALUD DEL INSTITUTO MEXICANO DEL SEGURO SOCIAL PARA EL BIENESTAR","Fecha":"2025-06-10 21:52:57","Monto":2114837109.9700000286},{"Empresa":"SERVICIOS INTEGRALES RETIMAR SA DE CV","Beneficiario":"INSTITUTO POLITECNICO NACIONAL","Fecha":"2025-05-22 23:26:57","Monto":2105048936.25},{"Empresa":"ELI LILLY Y COMPAÑIA DE MEXICO SA DE CV","Beneficiario":"INSTITUTO MEXICANO DEL SEGURO SOCIAL","Fecha":"2025-03-07 11:40:54","Monto":2081881009.5899999142},{"Empresa":"LANDSTEINER SCIENTIFIC SA DE CV","Beneficiario":"INSTITUTO MEXICANO DEL SEGURO SOCIAL","Fecha":"2025-02-21 23:31:06","Monto":1973310321.1300001144},{"Empresa":"GRIFOLS MEXICO SA DE CV","Beneficiario":"INSTITUTO MEXICANO DEL SEGURO SOCIAL","Fecha":"2025-06-20 08:41:42","Monto":1901454066.0},{"Empresa":"NOVO NORDISK MEXICO SA DE CV","Beneficiario":"INSTITUTO MEXICANO DEL SEGURO SOCIAL","Fecha":"2025-03-04 14:50:58","Monto":1892113460.0},{"Empresa":"GRUPO NACIONAL PROVINCIAL S A B","Beneficiario":"CAMINOS Y PUENTES FEDERALES DE INGRESOS Y SERVICIOS CONEXOS","Fecha":"2025-03-26 15:13:01","Monto":1794927624.0},{"Empresa":"BIORESEARCH DE MEXICO SA DE CV","Beneficiario":"INSTITUTO MEXICANO DEL SEGURO SOCIAL","Fecha":"2025-02-21 18:40:56","Monto":1774497411.0299999714},{"Empresa":"KEDRION MEXICANA SA DE CV","Beneficiario":"INSTITUTO MEXICANO DEL SEGURO SOCIAL","Fecha":"2025-02-28 15:10:52","Monto":1759022460.0},{"Empresa":"BRISTOL MYERS SQUIBB DE MEXICO S DE RL DE CV","Beneficiario":"INSTITUTO MEXICANO DEL SEGURO SOCIAL","Fecha":"2025-03-12 16:31:52","Monto":1738547030.0},{"Empresa":"MERCK SHARP & DOHME COMERCIALIZADORA S DE RL DE CV","Beneficiario":"INSTITUTO DE SEGURIDAD Y SERVICIOS SOCIALES DE LOS TRABAJADORES DEL ESTADO","Fecha":"2025-02-04 16:26:39","Monto":1721200000.0},{"Empresa":"PRODUCTOS  ROCHE SA DE CV","Beneficiario":"SERVICIOS DE SALUD DEL INSTITUTO MEXICANO DEL SEGURO SOCIAL PARA EL BIENESTAR","Fecha":"2025-05-15 20:28:39","Monto":1719167681.2999999523},{"Empresa":"IMPORTADORA Y MANUFACTURERA BRULUART SA","Beneficiario":"INSTITUTO MEXICANO DEL SEGURO SOCIAL","Fecha":"2025-02-21 18:43:30","Monto":1706803937.5999999046},{"Empresa":"JANSSEN-CILAG DE MEXICO S DE RL DE CV","Beneficiario":"INSTITUTO MEXICANO DEL SEGURO SOCIAL","Fecha":"2025-03-04 12:50:14","Monto":1694732439.0},{"Empresa":"ALTERNAVIDA SA DE CV","Beneficiario":"INSTITUTO MEXICANO DEL SEGURO SOCIAL","Fecha":"2025-02-24 11:23:12","Monto":1677175763.1400001049},{"Empresa":"AMGEN MEXICO SA DE CV","Beneficiario":"INSTITUTO MEXICANO DEL SEGURO SOCIAL","Fecha":"2025-03-04 18:15:32","Monto":1660961557.8699998856},{"Empresa":"SERPROSEP SA DE CV","Beneficiario":"INSTITUTO DE SEGURIDAD Y SERVICIOS SOCIALES DE LOS TRABAJADORES DEL ESTADO","Fecha":"2025-01-10 00:00:00","Monto":1652606168.4000000954},{"Empresa":"BECTON DICKINSON DE MEXICO SA DE CV","Beneficiario":"INSTITUTO MEXICANO DEL SEGURO SOCIAL","Fecha":"2025-02-24 09:59:50","Monto":1599550396.3099999428},{"Empresa":"GRUPO PAPELERO GABOR SA DE CV","Beneficiario":"COMISION NACIONAL DE LIBROS DE TEXTO GRATUITOS","Fecha":"2025-02-05 15:37:05","Monto":1591714333.0399999619},{"Empresa":"GILEAD SCIENCES MEXICO S DE RL DE CV","Beneficiario":"SERVICIOS DE SALUD DEL INSTITUTO MEXICANO DEL SEGURO SOCIAL PARA EL BIENESTAR","Fecha":"2025-03-21 17:18:30","Monto":1533252722.0},{"Empresa":"ASTRAZENECA SA DE CV","Beneficiario":"INSTITUTO DE SEGURIDAD Y SERVICIOS SOCIALES DE LOS TRABAJADORES DEL ESTADO","Fecha":"2025-04-21 19:22:22","Monto":1529993097.2200000286},{"Empresa":"FARMACEUTICA HISPANOAMERICANA SA DE CV","Beneficiario":"INSTITUTO MEXICANO DEL SEGURO SOCIAL","Fecha":"2025-02-21 14:49:36","Monto":1525030669.2999999523},{"Empresa":"MERCK SHARP & DOHME COMERCIALIZADORA S DE RL DE CV","Beneficiario":"INSTITUTO MEXICANO DEL SEGURO SOCIAL","Fecha":"2025-02-28 18:24:19","Monto":1503394929.9200000763},{"Empresa":"BOEHRINGER INGELHEIM MEXICO SA DE CV","Beneficiario":"INSTITUTO MEXICANO DEL SEGURO SOCIAL","Fecha":"2025-03-10 11:53:18","Monto":1499511137.4400000572},{"Empresa":"MERCK SHARP & DOHME COMERCIALIZADORA S DE RL DE CV","Beneficiario":"SERVICIOS DE SALUD DEL INSTITUTO MEXICANO DEL SEGURO SOCIAL PARA EL BIENESTAR","Fecha":"2025-05-21 13:01:06","Monto":1442428000.0},{"Empresa":"BAYER DE MEXICO SA DE CV","Beneficiario":"INSTITUTO MEXICANO DEL SEGURO SOCIAL","Fecha":"2025-03-25 09:18:47","Monto":1439111742.7999999523},{"Empresa":"INFRA SA DE CV","Beneficiario":"INSTITUTO MEXICANO DEL SEGURO SOCIAL","Fecha":"2025-01-09 13:50:22","Monto":1407955119.2200000286},{"Empresa":"ALVARTIS PHARMA, S.A. DE C.V.","Beneficiario":"INSTITUTO MEXICANO DEL SEGURO SOCIAL","Fecha":"2025-02-21 16:03:02","Monto":1368743774.9800000191},{"Empresa":"BOEHRINGER INGELHEIM MEXICO SA DE CV","Beneficiario":"INSTITUTO MEXICANO DEL SEGURO SOCIAL","Fecha":"2025-03-05 08:34:47","Monto":1365118964.0799999237},{"Empresa":"BAYER DE MEXICO SA DE CV","Beneficiario":"INSTITUTO MEXICANO DEL SEGURO SOCIAL","Fecha":"2025-03-13 12:35:02","Monto":1333205152.2000000477},{"Empresa":"KEDRION MEXICANA SA DE CV","Beneficiario":"INSTITUTO MEXICANO DEL SEGURO SOCIAL","Fecha":"2025-06-23 13:40:10","Monto":1319278350.0},{"Empresa":"SANOFI PASTEUR SA DE CV","Beneficiario":"INSTITUTO MEXICANO DEL SEGURO SOCIAL","Fecha":"2025-02-24 10:03:04","Monto":1308855494.8800001144},{"Empresa":"NOVARTIS FARMACEUTICA SA DE CV","Beneficiario":"INSTITUTO DE SEGURIDAD Y SERVICIOS SOCIALES DE LOS TRABAJADORES DEL ESTADO","Fecha":"2025-02-26 21:29:00","Monto":1298946908.7999999523},{"Empresa":"INFRA SA DE CV","Beneficiario":"INSTITUTO MEXICANO DEL SEGURO SOCIAL","Fecha":"2025-01-08 12:57:31","Monto":1254987049.0},{"Empresa":"PROCESADORA Y DISTRIBUIDORA LOS CHANEQUES SA DE CV","Beneficiario":"INSTITUTO DE SEGURIDAD Y SERVICIOS SOCIALES DE LOS TRABAJADORES DEL ESTADO","Fecha":"2025-05-09 21:53:37","Monto":1246489580.0},{"Empresa":"FRESENIUS KABI MEXICO SA DE CV","Beneficiario":"INSTITUTO MEXICANO DEL SEGURO SOCIAL","Fecha":"2025-02-22 11:21:43","Monto":1147529337.3800001144},{"Empresa":"OCTAPHARMA SA DE CV","Beneficiario":"INSTITUTO MEXICANO DEL SEGURO SOCIAL","Fecha":"2025-03-07 14:31:33","Monto":1147100483.2799999714},{"Empresa":"BAYER DE MEXICO SA DE CV","Beneficiario":"INSTITUTO MEXICANO DEL SEGURO SOCIAL","Fecha":"2025-06-20 08:33:09","Monto":1131648914.4400000572},{"Empresa":"NOVAG INFANCIA SA DE CV","Beneficiario":"INSTITUTO MEXICANO DEL SEGURO SOCIAL","Fecha":"2025-02-24 14:42:58","Monto":1109402928.7999999523},{"Empresa":"BIOMICS LAB MEXICO SA DE CV","Beneficiario":"INSTITUTO MEXICANO DEL SEGURO SOCIAL","Fecha":"2025-02-21 18:14:51","Monto":1106776096.4900000095},{"Empresa":"NOVARTIS FARMACEUTICA SA DE CV","Beneficiario":"INSTITUTO MEXICANO DEL SEGURO SOCIAL","Fecha":"2025-03-26 17:08:37","Monto":1105149434.4800000191},{"Empresa":"DISTRIBUIDORA INTERNACIONAL DE MEDICAMENTOS Y EQUIPO MEDICO SA D","Beneficiario":"SECRETARÍA DE FINANZAS Y ADMINISTRACIÓN","Fecha":"2025-01-03 00:00:00","Monto":1100000000.0},{"Empresa":"AMGEN MEXICO SA DE CV","Beneficiario":"INSTITUTO MEXICANO DEL SEGURO SOCIAL","Fecha":"2025-03-13 13:10:01","Monto":1082153264.7400000095},{"Empresa":"DEGASA SA DE CV","Beneficiario":"INSTITUTO MEXICANO DEL SEGURO SOCIAL","Fecha":"2025-03-26 15:56:46","Monto":1074153297.0199999809},{"Empresa":"GILEAD SCIENCES MEXICO S DE RL DE CV","Beneficiario":"SERVICIOS DE SALUD DEL INSTITUTO MEXICANO DEL SEGURO SOCIAL PARA EL BIENESTAR","Fecha":"2025-05-26 11:27:00","Monto":1061016000.0},{"Empresa":"SANOFI PASTEUR SA DE CV","Beneficiario":"INSTITUTO MEXICANO DEL SEGURO SOCIAL","Fecha":"2025-06-16 18:46:25","Monto":1044771692.5299999714},{"Empresa":"JET VAN CAR RENTAL SA DE CV","Beneficiario":"INSTITUTO DE SEGURIDAD Y SERVICIOS SOCIALES DE LOS TRABAJADORES DEL ESTADO","Fecha":"2025-06-18 18:49:47","Monto":1043548498.6799999475},{"Empresa":"PROBIOMED SA DE CV","Beneficiario":"INSTITUTO MEXICANO DEL SEGURO SOCIAL","Fecha":"2025-02-21 18:12:46","Monto":1039538229.5800000429},{"Empresa":"OCRAM SEYER SA DE CV","Beneficiario":"INSTITUTO DE SEGURIDAD Y SERVICIOS SOCIALES DE LOS TRABAJADORES DEL ESTADO","Fecha":"2025-02-19 09:01:39","Monto":1024112321.5299999714},{"Empresa":"BOEHRINGER INGELHEIM MEXICO SA DE CV","Beneficiario":"SERVICIOS DE SALUD DEL INSTITUTO MEXICANO DEL SEGURO SOCIAL PARA EL BIENESTAR","Fecha":"2025-05-05 13:37:19","Monto":1015807671.8600000143},{"Empresa":"LABORATORIOS JAYOR SA DE CV","Beneficiario":"SERVICIOS DE SALUD DEL INSTITUTO MEXICANO DEL SEGURO SOCIAL PARA EL BIENESTAR","Fecha":"2025-06-09 21:33:02","Monto":1006604217.0},{"Empresa":"MATERIAL DE CURACION Y EQUIPO MEDICO SA DE CV","Beneficiario":"CAMINOS Y PUENTES FEDERALES DE INGRESOS Y SERVICIOS CONEXOS","Fecha":"2025-06-13 18:54:56","Monto":1005031430.0},{"Empresa":"BOEHRINGER INGELHEIM MEXICO SA DE CV","Beneficiario":"SERVICIOS DE SALUD DEL INSTITUTO MEXICANO DEL SEGURO SOCIAL PARA EL BIENESTAR","Fecha":"2025-03-24 18:39:03","Monto":984745432.9700000286},{"Empresa":"KEDRION MEXICANA SA DE CV","Beneficiario":"INSTITUTO DE SEGURIDAD Y SERVICIOS SOCIALES DE LOS TRABAJADORES DEL ESTADO","Fecha":"2025-02-07 17:19:22","Monto":981399510.0},{"Empresa":"LABORATORIOS PISA SA DE CV","Beneficiario":"INSTITUTO DE SEGURIDAD Y SERVICIOS SOCIALES DE LOS TRABAJADORES DEL ESTADO","Fecha":"2025-03-06 22:43:46","Monto":975238794.0700000525},{"Empresa":"BIORESEARCH DE MEXICO SA DE CV","Beneficiario":"INSTITUTO MEXICANO DEL SEGURO SOCIAL","Fecha":"2025-06-20 09:58:25","Monto":955658293.1000000238},{"Empresa":"MEDTRONIC S DE RL DE CV","Beneficiario":"SERVICIOS DE SALUD DEL INSTITUTO MEXICANO DEL SEGURO SOCIAL PARA EL BIENESTAR","Fecha":"2025-06-10 17:00:19","Monto":953083294.7999999523},{"Empresa":"SANOFI PASTEUR SA DE CV","Beneficiario":"INSTITUTO MEXICANO DEL SEGURO SOCIAL","Fecha":"2025-06-20 11:54:40","Monto":947320889.4700000286},{"Empresa":"COMERCIALIZADORA INTERNACIONAL DE COMPRESORES SA DE CV","Beneficiario":"INSTITUTO MEXICANO DEL SEGURO SOCIAL","Fecha":"2025-06-20 18:08:00","Monto":940212285.1200000048},{"Empresa":"DELMAN INTERNACIONAL SA DE CV","Beneficiario":"COMISION NACIONAL DE LIBROS DE TEXTO GRATUITOS","Fecha":"2025-03-25 21:17:26","Monto":936850744.3200000525},{"Empresa":"SANOFI PASTEUR SA DE CV","Beneficiario":"INSTITUTO MEXICANO DEL SEGURO SOCIAL","Fecha":"2025-02-24 10:03:55","Monto":925554720.0},{"Empresa":"INFRA SA DE CV","Beneficiario":"SERVICIOS DE SALUD DEL INSTITUTO MEXICANO DEL SEGURO SOCIAL PARA EL BIENESTAR","Fecha":"2025-01-06 00:00:00","Monto":918031826.5499999523},{"Empresa":"FRESENIUS KABI MEXICO SA DE CV","Beneficiario":"INSTITUTO MEXICANO DEL SEGURO SOCIAL","Fecha":"2025-06-20 11:49:08","Monto":906003031.5},{"Empresa":"BOEHRINGER INGELHEIM MEXICO SA DE CV","Beneficiario":"INSTITUTO MEXICANO DEL SEGURO SOCIAL","Fecha":"2025-03-06 16:19:47","Monto":901938653.5599999428},{"Empresa":"PHARMAJAL SERVICIOS INTEGRALES FARMACEUTICOS SA DE CV","Beneficiario":"SECRETARÍA DE FINANZAS Y ADMINISTRACIÓN","Fecha":"2025-01-03 00:00:00","Monto":900000000.0299999714},{"Empresa":"SOLOMED SA DE CV","Beneficiario":"INSTITUTO MEXICANO DEL SEGURO SOCIAL","Fecha":"2025-02-28 15:24:01","Monto":894630677.7599999905},{"Empresa":"3M MEXICO SA DE CV","Beneficiario":"INSTITUTO MEXICANO DEL SEGURO SOCIAL","Fecha":"2025-02-21 20:30:30","Monto":878686459.25},{"Empresa":"ASOKAM SA DE CV","Beneficiario":"INSTITUTO MEXICANO DEL SEGURO SOCIAL","Fecha":"2025-02-24 10:07:56","Monto":875048945.8500000238},{"Empresa":"SERVIPRO DE MEXICO SA DE CV","Beneficiario":"INSTITUTO POLITECNICO NACIONAL","Fecha":"2025-03-14 00:00:00","Monto":874638135.1799999475},{"Empresa":"NOVAG INFANCIA SA DE CV","Beneficiario":"INSTITUTO MEXICANO DEL SEGURO SOCIAL","Fecha":"2025-06-17 17:17:05","Monto":868750879.2999999523},{"Empresa":"ULTRA LABORATORIOS SA DE CV","Beneficiario":"INSTITUTO DE SEGURIDAD Y SERVICIOS SOCIALES DE LOS TRABAJADORES DEL ESTADO","Fecha":"2025-06-19 23:14:46","Monto":867213665.4299999475},{"Empresa":"IMPORTADORA Y MANUFACTURERA BRULUART SA","Beneficiario":"INSTITUTO MEXICANO DEL SEGURO SOCIAL","Fecha":"2025-06-20 18:25:26","Monto":853433223.3999999762},{"Empresa":"BAXTER SA DE CV","Beneficiario":"INSTITUTO DE SEGURIDAD Y SERVICIOS SOCIALES DE LOS TRABAJADORES DEL ESTADO","Fecha":"2025-03-12 22:13:30","Monto":851856726.7699999809},{"Empresa":"SANOFI PASTEUR SA DE CV","Beneficiario":"INSTITUTO MEXICANO DEL SEGURO SOCIAL","Fecha":"2025-03-06 16:00:54","Monto":849661093.3400000334},{"Empresa":"ASOFARMA DE MEXICO SA DE CV","Beneficiario":"INSTITUTO MEXICANO DEL SEGURO SOCIAL","Fecha":"2025-03-06 15:15:48","Monto":848830337.5800000429},{"Empresa":"ABBVIE FARMACEUTICOS SA DE CV","Beneficiario":"INSTITUTO MEXICANO DEL SEGURO SOCIAL","Fecha":"2025-02-24 11:43:48","Monto":843859973.6399999857}]