[{"Empresa":"ETN TURISTAR LUJO SA DE CV","Beneficiario":"INSTITUTO NACIONAL DE MIGRACION","Fecha":"28\/03\/2025","Monto":639800000000.0,"Descripción":"SERVICIO DE TRANSPORTACIÓN VÍA TERRESTRE PARA PERSONAS MIGRANTES EXTRANJERAS, CONNACIONALES EN CONDICIÓN DE RETORNO, ASÍ COMO PARA SERVIDORES PÚBLICOS Y DEMÁS PERSONAS INVOLUCRADAS EN EL CUMPLIMIENTO DE LAS FUNCIONES DEL INSTITUTO NACIONAL DE MIGRACIÓN.","Fianza sugerida":"Anticipo + Cumplimiento"},{"Empresa":"GLAXOSMITHKLINE MEXICO SA DE CV","Beneficiario":"SERVICIOS DE SALUD DEL INSTITUTO MEXICANO DEL SEGURO SOCIAL PARA EL BIENESTAR","Fecha":"27\/05\/2025","Monto":9872044034.4400005341,"Descripción":"COMPRA CONSOLIDADA DE MEDICAMENTOS (PATENTES)F3 PARA LOS EJERCICIOS 2025-2026","Fianza sugerida":"Anticipo + Cumplimiento"},{"Empresa":"COMERCIALIZADORA DE SEGURIDAD PRIVADA CON RESPONSABILIDAD SOCIAL","Beneficiario":"COMISION NACIONAL DEL AGUA","Fecha":"14\/03\/2025","Monto":7555660000.0,"Descripción":"SERVICIO DE VIGILANCIA A LOS INMUEBLES DEL ORGANISMO DE CUENCA LERMA SANTIAGO PACÍFICO Y LAS DIRECCIONES LOCALES","Fianza sugerida":"Anticipo + Cumplimiento"},{"Empresa":"ASTRAZENECA SA DE CV","Beneficiario":"INSTITUTO MEXICANO DEL SEGURO SOCIAL","Fecha":"24\/03\/2025","Monto":7260399745.1000003815,"Descripción":"COMPRA CONSOLIDADA DE MEDICAMENTOS (PATENTES)F4 PARA LOS EJERCICIOS 2025-2026","Fianza sugerida":"Anticipo + Cumplimiento"},{"Empresa":"LABORATORIOS PISA SA DE CV","Beneficiario":"INSTITUTO MEXICANO DEL SEGURO SOCIAL","Fecha":"21\/02\/2025","Monto":6687894622.5500001907,"Descripción":"COMPRA CONSOLIDADA DE MEDICAMENTOS, BIENES TERAPÉUTICOS, MATERIAL DE CURACIÓN..","Fianza sugerida":"Suministro"},{"Empresa":"ASTRAZENECA SA DE CV","Beneficiario":"INSTITUTO MEXICANO DEL SEGURO SOCIAL","Fecha":"23\/06\/2025","Monto":5651319147.8400001526,"Descripción":"COMPRA DE LAS CLAVES NECESARIAS PARA EL SECTOR SALUD","Fianza sugerida":"Anticipo + Cumplimiento"},{"Empresa":"TRIARA.COM SA DE CV","Beneficiario":"BANCO DEL BIENESTAR S.N.C., I.B.D.","Fecha":"14\/01\/2025","Monto":5161835840.2700004578,"Descripción":"SERVICIO INTEGRAL ADMINISTRADO DE CENTRO DE DATOS PARA EL BANCO DEL BIENESTAR","Fianza sugerida":"Anticipo + Cumplimiento"},{"Empresa":"LABORATORIOS PISA SA DE CV","Beneficiario":"INSTITUTO MEXICANO DEL SEGURO SOCIAL","Fecha":"18\/06\/2025","Monto":4816301494.970000267,"Descripción":"COMPRA DE LAS CLAVES NECESARIAS PARA EL SECTOR SALUD","Fianza sugerida":"Anticipo + Cumplimiento"},{"Empresa":"GILEAD SCIENCES MEXICO S DE RL DE CV","Beneficiario":"INSTITUTO MEXICANO DEL SEGURO SOCIAL","Fecha":"28\/02\/2025","Monto":4584625600.0,"Descripción":"COMPRA CONSOLIDADA DE MEDICAMENTOS (PATENTES)F5 PARA LOS EJERCICIOS 2025-2026","Fianza sugerida":"Anticipo + Cumplimiento"},{"Empresa":"INTEGRA ARRENDA SA DE CV SOFOM ENR","Beneficiario":"INSTITUTO MEXICANO DEL SEGURO SOCIAL","Fecha":"14\/01\/2025","Monto":4067716320.0,"Descripción":"ARRENDAMIENTO DE AMBULANCIAS 2025, 2026, 2027 Y 2028\nPARTIDA 1 AMBULANCIAS PARA OOAD Y UMAE\nPARTIDA 2 AMBULANCIAS PARA MODULOS EN EL VALLE DE MEXICO","Fianza sugerida":"Arrendamiento"},{"Empresa":"NOVARTIS FARMACEUTICA SA DE CV","Beneficiario":"INSTITUTO MEXICANO DEL SEGURO SOCIAL","Fecha":"06\/03\/2025","Monto":3745771738.3499999046,"Descripción":"COMPRA CONSOLIDADA DE MEDICAMENTOS (PATENTES)F4 PARA LOS EJERCICIOS 2025-2026","Fianza sugerida":"Anticipo + Cumplimiento"},{"Empresa":"RYSE MEDICA SA DE CV","Beneficiario":"SERVICIOS DE SALUD DEL INSTITUTO MEXICANO DEL SEGURO SOCIAL PARA EL BIENESTAR","Fecha":"10\/04\/2025","Monto":3728750400.0,"Descripción":"COMPRA CONSOLIDADA DE MED (77 CLAVES) Y MC (230 CLAVES) 2025-2026","Fianza sugerida":"Anticipo + Cumplimiento"},{"Empresa":"BOEHRINGER INGELHEIM MEXICO SA DE CV","Beneficiario":"INSTITUTO MEXICANO DEL SEGURO SOCIAL","Fecha":"03\/03\/2025","Monto":3319639547.6999998093,"Descripción":"COMPDA DE MEDICAMENTOS (PATENTES) PARA LOS EJERCICIOS 2025-2026RA CONSOLIDA","Fianza sugerida":"Anticipo + Cumplimiento"},{"Empresa":"PRODUCTOS  ROCHE SA DE CV","Beneficiario":"INSTITUTO DE SEGURIDAD Y SERVICIOS SOCIALES DE LOS TRABAJADORES DEL ESTADO","Fecha":"14\/04\/2025","Monto":2891693814.0,"Descripción":"ADQUISICIÓN DE MEDICINAS Y PRODUCTOS FARMACÉUTICOS.","Fianza sugerida":"Anticipo + Cumplimiento"},{"Empresa":"PRODUCTOS  ROCHE SA DE CV","Beneficiario":"INSTITUTO MEXICANO DEL SEGURO SOCIAL","Fecha":"24\/03\/2025","Monto":2874371519.0,"Descripción":"COMPRA CONSOLIDADA DE MEDICAMENTOS (PATENTES)F4 PARA LOS EJERCICIOS 2025-2026","Fianza sugerida":"Anticipo + Cumplimiento"},{"Empresa":"BRISTOL MYERS SQUIBB DE MEXICO S DE RL DE CV","Beneficiario":"INSTITUTO MEXICANO DEL SEGURO SOCIAL","Fecha":"21\/02\/2025","Monto":2695584112.6999998093,"Descripción":"COMPRA CONSOLIDADA DE MEDICAMENTOS, BIENES TERAPÉUTICOS, MATERIAL DE CURACIÓN..","Fianza sugerida":"Suministro"},{"Empresa":"TAKEDA MEXICO SA DE CV","Beneficiario":"INSTITUTO MEXICANO DEL SEGURO SOCIAL","Fecha":"03\/03\/2025","Monto":2684335675.3400001526,"Descripción":"COMPRA CONSOLIDADA DE MEDICAMENTOS (PATENTES) PARA LOS EJERCICIOS 2025-2026","Fianza sugerida":"Anticipo + Cumplimiento"},{"Empresa":"NOVO NORDISK MEXICO SA DE CV","Beneficiario":"INSTITUTO MEXICANO DEL SEGURO SOCIAL","Fecha":"11\/03\/2025","Monto":2653062905.8400001526,"Descripción":"COMPRA CONSOLIDADA DE MEDICAMENTOS (PATENTES)F3 PARA LOS EJERCICIOS 2025-2026","Fianza sugerida":"Anticipo + Cumplimiento"},{"Empresa":"GRIFOLS MEXICO SA DE CV","Beneficiario":"INSTITUTO MEXICANO DEL SEGURO SOCIAL","Fecha":"24\/02\/2025","Monto":2535264324.0,"Descripción":"COMPRA CONSOLIDADA DE MEDICAMENTOS, BIENES TERAPÉUTICOS, MATERIAL DE CURACIÓN..","Fianza sugerida":"Suministro"},{"Empresa":"RHINNO SMART SA DE CV","Beneficiario":"INSTITUTO MEXICANO DEL SEGURO SOCIAL","Fecha":"24\/02\/2025","Monto":2491133772.8400001526,"Descripción":"COMPRA CONSOLIDADA DE MEDICAMENTOS, BIENES TERAPÉUTICOS, MATERIAL DE CURACIÓN..","Fianza sugerida":"Suministro"},{"Empresa":"INTEGRA ARRENDA SA DE CV SOFOM ENR","Beneficiario":"INSTITUTO DE SEGURIDAD Y SERVICIOS SOCIALES DE LOS TRABAJADORES DEL ESTADO","Fecha":"18\/06\/2025","Monto":2208971620.8000001907,"Descripción":"PARA LA ADJUDICACIÓN DEL CONTRATO ABIERTO RELATIVO AL SERVICIO DE ARRENDAMIENTO INTEGRAL DE VEHÍCULOS TERRESTRES, PLURIANUAL DE AMBULANCIAS PARA UNIDADES MÉDICAS DEL ISSSTE A NIVEL NACIONAL POR UN PERIODO DE 42 MESES.","Fianza sugerida":"Arrendamiento"},{"Empresa":"ASTELLAS FARMA MEXICO S DE RL DE CV","Beneficiario":"INSTITUTO MEXICANO DEL SEGURO SOCIAL","Fecha":"28\/02\/2025","Monto":2164600864.8000001907,"Descripción":"COMPRA CONSOLIDADA DE MEDICAMENTOS (PATENTES) PARA LOS EJERCICIOS 2025-2026","Fianza sugerida":"Anticipo + Cumplimiento"},{"Empresa":"PRODUCTOS  ROCHE SA DE CV","Beneficiario":"INSTITUTO MEXICANO DEL SEGURO SOCIAL","Fecha":"11\/03\/2025","Monto":2153035600.0,"Descripción":"COMPRA CONSOLIDADA DE MEDICAMENTOS (PATENTES)F4 PARA LOS EJERCICIOS 2025-2026","Fianza sugerida":"Anticipo + Cumplimiento"},{"Empresa":"EDENRED MEXICO SA DE CV","Beneficiario":"GUARDIA NACIONAL","Fecha":"12\/03\/2025","Monto":2121566495.2999999523,"Descripción":"SUMINISTRO DE COMBUSTIBLE PARA VEHÍCULOS AUTOMOTORES TERRESTRES EN TERRITORIO NACIONAL, MEDIANTE EL SERVICIO DE MEDIOS DE PAGO ELECTRÓNICO, PARA EL EJERCICIO FISCAL 2025","Fianza sugerida":"Suministro"},{"Empresa":"LABORATORIOS PISA SA DE CV","Beneficiario":"SERVICIOS DE SALUD DEL INSTITUTO MEXICANO DEL SEGURO SOCIAL PARA EL BIENESTAR","Fecha":"10\/06\/2025","Monto":2114837109.9700000286,"Descripción":"COMPRA DE LAS CLAVES NECESARIAS PARA EL SECTOR SALUD, ESPECÍFICAMENTE DE LAS COR","Fianza sugerida":"Anticipo + Cumplimiento"},{"Empresa":"SERVICIOS INTEGRALES RETIMAR SA DE CV","Beneficiario":"INSTITUTO POLITECNICO NACIONAL","Fecha":"22\/05\/2025","Monto":2105048936.25,"Descripción":"CONTRATACIÓN PLURIANUAL DEL SERVICIO INTEGRAL DE LIMPIEZA EN LAS DIVERSAS DEPENDENCIAS POLITÉCNICAS DEL INSTITUTO POLITÉCNICO NACIONAL, PARA LOS EJERCICIOS FISCALES 2025 AL 2028 (PARTIDA 1, 107 SUBPARTIDAS)","Fianza sugerida":"Anticipo + Cumplimiento"},{"Empresa":"ELI LILLY Y COMPAÑIA DE MEXICO SA DE CV","Beneficiario":"INSTITUTO MEXICANO DEL SEGURO SOCIAL","Fecha":"07\/03\/2025","Monto":2081881009.5899999142,"Descripción":"COMPRA CONSOLIDADA DE MEDICAMENTOS (PATENTES)F4 PARA LOS EJERCICIOS 2025-2026","Fianza sugerida":"Anticipo + Cumplimiento"},{"Empresa":"LANDSTEINER SCIENTIFIC SA DE CV","Beneficiario":"INSTITUTO MEXICANO DEL SEGURO SOCIAL","Fecha":"21\/02\/2025","Monto":1973310321.1300001144,"Descripción":"COMPRA CONSOLIDADA DE MEDICAMENTOS, BIENES TERAPÉUTICOS, MATERIAL DE CURACIÓN..","Fianza sugerida":"Suministro"},{"Empresa":"GRIFOLS MEXICO SA DE CV","Beneficiario":"INSTITUTO MEXICANO DEL SEGURO SOCIAL","Fecha":"20\/06\/2025","Monto":1901454066.0,"Descripción":"COMPRA DE LAS CLAVES NECESARIAS PARA EL SECTOR SALUD","Fianza sugerida":"Anticipo + Cumplimiento"},{"Empresa":"NOVO NORDISK MEXICO SA DE CV","Beneficiario":"INSTITUTO MEXICANO DEL SEGURO SOCIAL","Fecha":"04\/03\/2025","Monto":1892113460.0,"Descripción":"COMPRA CONSOLIDADA DE MEDICAMENTOS (PATENTES)F2 PARA LOS EJERCICIOS 2025-2026","Fianza sugerida":"Anticipo + Cumplimiento"},{"Empresa":"GRUPO NACIONAL PROVINCIAL S A B","Beneficiario":"CAMINOS Y PUENTES FEDERALES DE INGRESOS Y SERVICIOS CONEXOS","Fecha":"26\/03\/2025","Monto":1794927624.0,"Descripción":"CONTRATACIÓN DEL SERVICIO DEL SEGURO DEL USUARIO PARA EL FONDO NACIONAL DE INFRAESTRUCTURA (FONADIN)","Fianza sugerida":"Anticipo + Cumplimiento"},{"Empresa":"BIORESEARCH DE MEXICO SA DE CV","Beneficiario":"INSTITUTO MEXICANO DEL SEGURO SOCIAL","Fecha":"21\/02\/2025","Monto":1774497411.0299999714,"Descripción":"COMPRA CONSOLIDADA DE MEDICAMENTOS, BIENES TERAPÉUTICOS, MATERIAL DE CURACIÓN..","Fianza sugerida":"Suministro"},{"Empresa":"KEDRION MEXICANA SA DE CV","Beneficiario":"INSTITUTO MEXICANO DEL SEGURO SOCIAL","Fecha":"28\/02\/2025","Monto":1759022460.0,"Descripción":"COMPRA CONSOLIDADA DE MEDICAMENTOS, BIENES TERAPÉUTICOS, MATERIAL DE CURACIÓN..","Fianza sugerida":"Suministro"},{"Empresa":"BRISTOL MYERS SQUIBB DE MEXICO S DE RL DE CV","Beneficiario":"INSTITUTO MEXICANO DEL SEGURO SOCIAL","Fecha":"12\/03\/2025","Monto":1738547030.0,"Descripción":"COMPRA CONSOLIDADA DE MEDICAMENTOS (PATENTES)F4 PARA LOS EJERCICIOS 2025-2026","Fianza sugerida":"Anticipo + Cumplimiento"},{"Empresa":"MERCK SHARP & DOHME COMERCIALIZADORA S DE RL DE CV","Beneficiario":"INSTITUTO DE SEGURIDAD Y SERVICIOS SOCIALES DE LOS TRABAJADORES DEL ESTADO","Fecha":"04\/02\/2025","Monto":1721200000.0,"Descripción":"ADQUISICION DE MEDICINAS Y PRODUCTOS FARMACEUTICOS","Fianza sugerida":"Anticipo + Cumplimiento"},{"Empresa":"PRODUCTOS  ROCHE SA DE CV","Beneficiario":"SERVICIOS DE SALUD DEL INSTITUTO MEXICANO DEL SEGURO SOCIAL PARA EL BIENESTAR","Fecha":"15\/05\/2025","Monto":1719167681.2999999523,"Descripción":"COMPRA CONSOLIDADA DE MEDICAMENTOS (PATENTES)F4 PARA LOS EJERCICIOS 2025-2026","Fianza sugerida":"Anticipo + Cumplimiento"},{"Empresa":"IMPORTADORA Y MANUFACTURERA BRULUART SA","Beneficiario":"INSTITUTO MEXICANO DEL SEGURO SOCIAL","Fecha":"21\/02\/2025","Monto":1706803937.5999999046,"Descripción":"COMPRA CONSOLIDADA DE MEDICAMENTOS, BIENES TERAPÉUTICOS, MATERIAL DE CURACIÓN..","Fianza sugerida":"Suministro"},{"Empresa":"JANSSEN-CILAG DE MEXICO S DE RL DE CV","Beneficiario":"INSTITUTO MEXICANO DEL SEGURO SOCIAL","Fecha":"04\/03\/2025","Monto":1694732439.0,"Descripción":"COMPRA CONSOLIDADA DE MEDICAMENTOS (PATENTES)F2 PARA LOS EJERCICIOS 2025-2026","Fianza sugerida":"Anticipo + Cumplimiento"},{"Empresa":"ALTERNAVIDA SA DE CV","Beneficiario":"INSTITUTO MEXICANO DEL SEGURO SOCIAL","Fecha":"24\/02\/2025","Monto":1677175763.1400001049,"Descripción":"COMPRA CONSOLIDADA DE MEDICAMENTOS, BIENES TERAPÉUTICOS, MATERIAL DE CURACIÓ","Fianza sugerida":"Suministro"},{"Empresa":"AMGEN MEXICO SA DE CV","Beneficiario":"INSTITUTO MEXICANO DEL SEGURO SOCIAL","Fecha":"04\/03\/2025","Monto":1660961557.8699998856,"Descripción":"COMPRA CONSOLIDADA DE MEDICAMENTOS (PATENTES)F2 PARA LOS EJERCICIOS 2025-2026","Fianza sugerida":"Anticipo + Cumplimiento"},{"Empresa":"SERPROSEP SA DE CV","Beneficiario":"INSTITUTO DE SEGURIDAD Y SERVICIOS SOCIALES DE LOS TRABAJADORES DEL ESTADO","Fecha":"10\/01\/2025","Monto":1652606168.4000000954,"Descripción":"SEGURIDAD PRIVADA EN LA MODALIDAD DE INTRAMUROS Y\/O VIGILANCIA DESARMADA, EN OFICINAS CENTRALES, CENTRO MÉDICO NACIONAL 20 DE NOVIEMBRE, HOSPITALES REGIONALES, REPRESENTACION, ESCUELA DE DIETÉTICA Y NUTRICIÓN E INSTALACIONES DEL SUPERISSSTE, ÁREA METROPOLITANA Y TERRITORIO NACIONAL","Fianza sugerida":"Anticipo + Cumplimiento"},{"Empresa":"BECTON DICKINSON DE MEXICO SA DE CV","Beneficiario":"INSTITUTO MEXICANO DEL SEGURO SOCIAL","Fecha":"24\/02\/2025","Monto":1599550396.3099999428,"Descripción":"COMPRA CONSOLIDADA DE MEDICAMENTOS, BIENES TERAPÉUTICOS, MATERIAL DE CURACIÓN..","Fianza sugerida":"Suministro"},{"Empresa":"GRUPO PAPELERO GABOR SA DE CV","Beneficiario":"COMISION NACIONAL DE LIBROS DE TEXTO GRATUITOS","Fecha":"05\/02\/2025","Monto":1591714333.0399999619,"Descripción":"ADQUISICIÓN DE PRODUCTOS DE PAPEL ADQUIRIDOS COMO MATERIA PRIMA PARA IMPRESIÓN DE DOCUMENTOS OFICIALES, LIBROS Y OTRAS PUBLICACIONES, PARA EL EJERCICIO FISCAL 2025.","Fianza sugerida":"Anticipo + Cumplimiento"},{"Empresa":"GILEAD SCIENCES MEXICO S DE RL DE CV","Beneficiario":"SERVICIOS DE SALUD DEL INSTITUTO MEXICANO DEL SEGURO SOCIAL PARA EL BIENESTAR","Fecha":"21\/03\/2025","Monto":1533252722.0,"Descripción":"COMPRA CONSOLIDADA DE MEDICAMENTOS (PATENTES)F5 PARA LOS EJERCICIOS 2025-2026","Fianza sugerida":"Anticipo + Cumplimiento"},{"Empresa":"ASTRAZENECA SA DE CV","Beneficiario":"INSTITUTO DE SEGURIDAD Y SERVICIOS SOCIALES DE LOS TRABAJADORES DEL ESTADO","Fecha":"21\/04\/2025","Monto":1529993097.2200000286,"Descripción":"ADQUISICIÓN DE MEDICINAS Y PRODUCTOS FARMACEUTICOS","Fianza sugerida":"Anticipo + Cumplimiento"},{"Empresa":"FARMACEUTICA HISPANOAMERICANA SA DE CV","Beneficiario":"INSTITUTO MEXICANO DEL SEGURO SOCIAL","Fecha":"21\/02\/2025","Monto":1525030669.2999999523,"Descripción":"COMPRA CONSOLIDADA DE MEDICAMENTOS, BIENES TERAPÉUTICOS, MATERIAL DE CURACIÓN..","Fianza sugerida":"Suministro"},{"Empresa":"MERCK SHARP & DOHME COMERCIALIZADORA S DE RL DE CV","Beneficiario":"INSTITUTO MEXICANO DEL SEGURO SOCIAL","Fecha":"28\/02\/2025","Monto":1503394929.9200000763,"Descripción":"COMPRA CONSOLIDADA DE MEDICAMENTOS (PATENTES) PARA LOS EJERCICIOS 2025-2026","Fianza sugerida":"Anticipo + Cumplimiento"},{"Empresa":"BOEHRINGER INGELHEIM MEXICO SA DE CV","Beneficiario":"INSTITUTO MEXICANO DEL SEGURO SOCIAL","Fecha":"10\/03\/2025","Monto":1499511137.4400000572,"Descripción":"COMPRA CONSOLIDADA DE MEDICAMENTOS (PATENTES)F4 PARA LOS EJERCICIOS 2025-2026","Fianza sugerida":"Anticipo + Cumplimiento"},{"Empresa":"MERCK SHARP & DOHME COMERCIALIZADORA S DE RL DE CV","Beneficiario":"SERVICIOS DE SALUD DEL INSTITUTO MEXICANO DEL SEGURO SOCIAL PARA EL BIENESTAR","Fecha":"21\/05\/2025","Monto":1442428000.0,"Descripción":"COMPRA CONSOLIDADA DE MEDICAMENTOS (PATENTES) PARA LOS EJERCICIOS 2025-2026","Fianza sugerida":"Anticipo + Cumplimiento"},{"Empresa":"BAYER DE MEXICO SA DE CV","Beneficiario":"INSTITUTO MEXICANO DEL SEGURO SOCIAL","Fecha":"25\/03\/2025","Monto":1439111742.7999999523,"Descripción":"COMPRA CONSOLIDADA DE MEDICAMENTOS (PATENTES)F3 PARA LOS EJERCICIOS 2025-2026","Fianza sugerida":"Anticipo + Cumplimiento"},{"Empresa":"INFRA SA DE CV","Beneficiario":"INSTITUTO MEXICANO DEL SEGURO SOCIAL","Fecha":"09\/01\/2025","Monto":1407955119.2200000286,"Descripción":"SUMINISTRO DE OXÍGENO MEDICINAL DOMICILIARIO A DERECHOHABIENTES EN LOS ÓRGANOS DE OPERACIÓN ADMINISTRATIVA DESCONCENTRADA Y UNIDADES MÉDICAS DE ALTA ESPECIALIDAD DEL INSTITUTO MEXICANO DEL SEGURO SOCIAL PARA EL EJERCICIO FISCAL 2025","Fianza sugerida":"Suministro"},{"Empresa":"ALVARTIS PHARMA, S.A. DE C.V.","Beneficiario":"INSTITUTO MEXICANO DEL SEGURO SOCIAL","Fecha":"21\/02\/2025","Monto":1368743774.9800000191,"Descripción":"COMPRA CONSOLIDADA DE MEDICAMENTOS, BIENES TERAPÉUTICOS, MATERIAL DE CURACIÓN","Fianza sugerida":"Suministro"},{"Empresa":"BOEHRINGER INGELHEIM MEXICO SA DE CV","Beneficiario":"INSTITUTO MEXICANO DEL SEGURO SOCIAL","Fecha":"05\/03\/2025","Monto":1365118964.0799999237,"Descripción":"COMPRA CONSOLIDADA DE MEDICAMENTOS (PATENTES)F2 PARA LOS EJERCICIOS 2025-2026","Fianza sugerida":"Anticipo + Cumplimiento"},{"Empresa":"BAYER DE MEXICO SA DE CV","Beneficiario":"INSTITUTO MEXICANO DEL SEGURO SOCIAL","Fecha":"13\/03\/2025","Monto":1333205152.2000000477,"Descripción":"COMPRA CONSOLIDADA DE MEDICAMENTOS (PATENTES)F3 PARA LOS EJERCICIOS 2025-2026","Fianza sugerida":"Anticipo + Cumplimiento"},{"Empresa":"KEDRION MEXICANA SA DE CV","Beneficiario":"INSTITUTO MEXICANO DEL SEGURO SOCIAL","Fecha":"23\/06\/2025","Monto":1319278350.0,"Descripción":"COMPRA DE LAS CLAVES NECESARIAS PARA EL SECTOR SALUD","Fianza sugerida":"Anticipo + Cumplimiento"},{"Empresa":"SANOFI PASTEUR SA DE CV","Beneficiario":"INSTITUTO MEXICANO DEL SEGURO SOCIAL","Fecha":"24\/02\/2025","Monto":1308855494.8800001144,"Descripción":"COMPRA CONSOLIDADA DE MEDICAMENTOS, BIENES TERAPÉUTICOS, MATERIAL DE CURACIÓN","Fianza sugerida":"Suministro"},{"Empresa":"NOVARTIS FARMACEUTICA SA DE CV","Beneficiario":"INSTITUTO DE SEGURIDAD Y SERVICIOS SOCIALES DE LOS TRABAJADORES DEL ESTADO","Fecha":"26\/02\/2025","Monto":1298946908.7999999523,"Descripción":"ADQUISICIÓN DE MEDICINAS Y PRODUCTOS FARMACÉUTICOS","Fianza sugerida":"Anticipo + Cumplimiento"},{"Empresa":"INFRA SA DE CV","Beneficiario":"INSTITUTO MEXICANO DEL SEGURO SOCIAL","Fecha":"08\/01\/2025","Monto":1254987049.0,"Descripción":"SERVICIO INTEGRAL PARA EL TRATAMIENTO DEL SÍNDROME DE APNEA OBSTRUCTIVA DEL SUEÑO (SAOS) Y OTROS TRASTORNOS DEL SUEÑO MEDIANTE USO DE EQUIPOS PARA PRESIÓN POSITIVA CONTINUA EN LA VÍA AÉREA (CPAP) Y PARA PRESIÓN POSITIVA CONTINUA EN VÍA AÉREA CON DOS NIVELES DE PRESIÓN (BPAP), EN EL DOMICILIO DE LOS DERECHOHABIENTES DEL INSTITUTO MEXICANO DEL SEGURO SOCIAL EN LOS ÓRGANOS DE OPERACIÓN ADMINISTRATIVA DESCONCENTRADA PARTIDAS 1 AGUASCALIENTES, 2 BAJA CALIFORNIA, 3 BAJA CALIFORNIA SUR, 5 COAHUILA, 8 CHIHUAHUA, 9 DURANGO, 10 GUANAJUATO, 11 GUERRERO, 12 HIDALGO, 14 EDO. MÉXICO ORIENTE, 15 EDO. MÉXICO PONIENTE, 16 MICHOACÁN, 17 MORELOS, 18 NAYARIT, 19 NUEVO LEÓN, 21 PUEBLA, 22 QUERÉTARO, 24 S. LUIS POTOSÍ, 26 SONORA, 28 TAMAULIPAS, 29 TLAXCALA, 33 ZACATECAS, 34 D.F. NORTE Y 35 D.F. SUR.","Fianza sugerida":"Suministro"},{"Empresa":"PROCESADORA Y DISTRIBUIDORA LOS CHANEQUES SA DE CV","Beneficiario":"INSTITUTO DE SEGURIDAD Y SERVICIOS SOCIALES DE LOS TRABAJADORES DEL ESTADO","Fecha":"09\/05\/2025","Monto":1246489580.0,"Descripción":"CONTRATACIÓN ABIERTA DEL SERVICIO DE SUMINISTRO Y DISTRIBUCIÓN DE PRODUCTOS ALIMENTICIOS PARA UNIDADES MÉDICAS Y ESTANCIAS DE BIENESTAR Y DESARROLLO INFANTIL DEL INSTITUTO PARA EL EJERCICIO FISCAL 2025.","Fianza sugerida":"Suministro"},{"Empresa":"FRESENIUS KABI MEXICO SA DE CV","Beneficiario":"INSTITUTO MEXICANO DEL SEGURO SOCIAL","Fecha":"22\/02\/2025","Monto":1147529337.3800001144,"Descripción":"COMPRA CONSOLIDADA DE MEDICAMENTOS, BIENES TERAPÉUTICOS, MATERIAL DE CURACIÓN..","Fianza sugerida":"Suministro"},{"Empresa":"OCTAPHARMA SA DE CV","Beneficiario":"INSTITUTO MEXICANO DEL SEGURO SOCIAL","Fecha":"07\/03\/2025","Monto":1147100483.2799999714,"Descripción":"COMPRA CONSOLIDADA DE MEDICAMENTOS (PATENTES)F4 PARA LOS EJERCICIOS 2025-2026","Fianza sugerida":"Anticipo + Cumplimiento"},{"Empresa":"BAYER DE MEXICO SA DE CV","Beneficiario":"INSTITUTO MEXICANO DEL SEGURO SOCIAL","Fecha":"20\/06\/2025","Monto":1131648914.4400000572,"Descripción":"COMPRA DE LAS CLAVES NECESARIAS PARA EL SECTOR SALUD","Fianza sugerida":"Anticipo + Cumplimiento"},{"Empresa":"NOVAG INFANCIA SA DE CV","Beneficiario":"INSTITUTO MEXICANO DEL SEGURO SOCIAL","Fecha":"24\/02\/2025","Monto":1109402928.7999999523,"Descripción":"COMPRA CONSOLIDADA DE MEDICAMENTOS, BIENES TERAPÉUTICOS, MATERIAL DE CURACIÓN","Fianza sugerida":"Suministro"},{"Empresa":"BIOMICS LAB MEXICO SA DE CV","Beneficiario":"INSTITUTO MEXICANO DEL SEGURO SOCIAL","Fecha":"21\/02\/2025","Monto":1106776096.4900000095,"Descripción":"COMPRA CONSOLIDADA DE MEDICAMENTOS, BIENES TERAPÉUTICOS, MATERIAL DE CURACIÓN..","Fianza sugerida":"Suministro"},{"Empresa":"NOVARTIS FARMACEUTICA SA DE CV","Beneficiario":"INSTITUTO MEXICANO DEL SEGURO SOCIAL","Fecha":"26\/03\/2025","Monto":1105149434.4800000191,"Descripción":"COMPRA CONSOLIDADA DE MEDICAMENTOS (7 CLAVES) PATENTES Y\/O FUENTE ÚNICA 25-26","Fianza sugerida":"Anticipo + Cumplimiento"},{"Empresa":"DISTRIBUIDORA INTERNACIONAL DE MEDICAMENTOS Y EQUIPO MEDICO SA D","Beneficiario":"SECRETARÍA DE FINANZAS Y ADMINISTRACIÓN","Fecha":"03\/01\/2025","Monto":1100000000.0,"Descripción":"EL PROVEEDOR SE OBLIGA A OTORGAR A EL GOBIERNO POR CONDUCTO DEL ISAPEG LOS MEDICAMENTOS, MATERIAL DE CURACIÓN Y EL SERVICIO DE ADMINISTRACIÓN Y DISPENSACIÓN DE LOS MISMOS EN LA MODALIDAD DE STOCK, FARMACIA Y SERVICIO DE UNIDOSIS PARA  LAS UNIDADES MÉDICAS DEL INSTITUTO DE SALUD PÚBLICA DEL ESTADO DE GUANAJUATO, EN ESTRICTO APEGO A LAS BASES, ANEXOS Y JUNTA DE ACLARACIONES DE LA LICITACIÓN PÚBLICA INTERNACIONAL BAJO LA COBERTURA DE TRATADOS PRESENCIAL NO. 40004001-024-24, Y DE CONFORMIDAD A LO OFERTADO EN SUS PROPUESTAS TÉCNICA Y ECONÓMICA, DOCUMENTAL TODA QUE FIRMADA POR LAS PARTES FORMAN PARTE INTEGRAL DEL CONTRATO.","Fianza sugerida":"Suministro"},{"Empresa":"AMGEN MEXICO SA DE CV","Beneficiario":"INSTITUTO MEXICANO DEL SEGURO SOCIAL","Fecha":"13\/03\/2025","Monto":1082153264.7400000095,"Descripción":"COMPRA CONSOLIDADA DE MEDICAMENTOS (PATENTES)F4 PARA LOS EJERCICIOS 2025-2026","Fianza sugerida":"Anticipo + Cumplimiento"},{"Empresa":"DEGASA SA DE CV","Beneficiario":"INSTITUTO MEXICANO DEL SEGURO SOCIAL","Fecha":"26\/03\/2025","Monto":1074153297.0199999809,"Descripción":"COMPRA CONSOLIDADA DE MED Y MC (44 CLAVES), PARA LOS EJERCICIOS FISCALES 2025","Fianza sugerida":"Anticipo + Cumplimiento"},{"Empresa":"GILEAD SCIENCES MEXICO S DE RL DE CV","Beneficiario":"SERVICIOS DE SALUD DEL INSTITUTO MEXICANO DEL SEGURO SOCIAL PARA EL BIENESTAR","Fecha":"26\/05\/2025","Monto":1061016000.0,"Descripción":"COMPRA CONSOLIDADA DE MEDICAMENTOS (PATENTES) PARA LOS EJERCICIOS 2025-2026","Fianza sugerida":"Anticipo + Cumplimiento"},{"Empresa":"SANOFI PASTEUR SA DE CV","Beneficiario":"INSTITUTO MEXICANO DEL SEGURO SOCIAL","Fecha":"16\/06\/2025","Monto":1044771692.5299999714,"Descripción":"COMPRA DE LAS CLAVES NECESARIAS PARA EL SECTOR SALUD","Fianza sugerida":"Anticipo + Cumplimiento"},{"Empresa":"JET VAN CAR RENTAL SA DE CV","Beneficiario":"INSTITUTO DE SEGURIDAD Y SERVICIOS SOCIALES DE LOS TRABAJADORES DEL ESTADO","Fecha":"18\/06\/2025","Monto":1043548498.6799999475,"Descripción":"PARA LA ADJUDICACIÓN DEL CONTRATO ABIERTO RELATIVO AL SERVICIO DE ARRENDAMIENTO INTEGRAL DE VEHÍCULOS TERRESTRES, PLURIANUAL DE AMBULANCIAS PARA UNIDADES MÉDICAS DEL ISSSTE A NIVEL NACIONAL POR UN PERIODO DE 42 MESES.","Fianza sugerida":"Arrendamiento"},{"Empresa":"PROBIOMED SA DE CV","Beneficiario":"INSTITUTO MEXICANO DEL SEGURO SOCIAL","Fecha":"21\/02\/2025","Monto":1039538229.5800000429,"Descripción":"COMPRA CONSOLIDADA DE MEDICAMENTOS, BIENES TERAPÉUTICOS, MATERIAL DE CURACIÓN","Fianza sugerida":"Suministro"},{"Empresa":"OCRAM SEYER SA DE CV","Beneficiario":"INSTITUTO DE SEGURIDAD Y SERVICIOS SOCIALES DE LOS TRABAJADORES DEL ESTADO","Fecha":"19\/02\/2025","Monto":1024112321.5299999714,"Descripción":"PARA LA ADJUDICACIÓN DEL CONTRATO ABIERTO DE PRESTACIÓN DEL SERVICIO ESPECIALIZADO DE ASEO, HIGIENE Y DESINFECCIÓN EN UNIDADES MÉDICAS, EBDIS, CLÍNICAS MÉDICAS, QUE INCLUYE: LABORATORIOS, QUIRÓFANOS, ANFITEATROS ANATÓMICOS, MORGUES, VELATORIOS, COCINAS, COMEDORES DEL PERSONAL MÉDICO Y EN GENERAL EDIFICIOS EN USO O PROPIEDAD DEL ISSSTE PARA EL EJERCICIO PRESUPUESTAL 2025.","Fianza sugerida":"Anticipo + Cumplimiento"},{"Empresa":"BOEHRINGER INGELHEIM MEXICO SA DE CV","Beneficiario":"SERVICIOS DE SALUD DEL INSTITUTO MEXICANO DEL SEGURO SOCIAL PARA EL BIENESTAR","Fecha":"05\/05\/2025","Monto":1015807671.8600000143,"Descripción":"COMPRA CONSOLIDADA DE MEDICAMENTOS (PATENTES) PARA LOS EJERCICIOS 2025-2026","Fianza sugerida":"Anticipo + Cumplimiento"},{"Empresa":"LABORATORIOS JAYOR SA DE CV","Beneficiario":"SERVICIOS DE SALUD DEL INSTITUTO MEXICANO DEL SEGURO SOCIAL PARA EL BIENESTAR","Fecha":"09\/06\/2025","Monto":1006604217.0,"Descripción":"COMPRA DE LAS CLAVES NECESARIAS PARA EL SECTOR SALUD, ESPECÍFICAMENTE DE LAS COR","Fianza sugerida":"Anticipo + Cumplimiento"},{"Empresa":"MATERIAL DE CURACION Y EQUIPO MEDICO SA DE CV","Beneficiario":"CAMINOS Y PUENTES FEDERALES DE INGRESOS Y SERVICIOS CONEXOS","Fecha":"13\/06\/2025","Monto":1005031430.0,"Descripción":"EL OBJETO DE LA PRESENTE LICITACIÓN CONSISTE EN LA ADQUISICIÓN DE MEDICAMENTOS, MATERIALES Y SUMINISTROS MÉDICOS, PARA LOS SERVICIOS MÉDICOS DE LAS BASES DE EMERGENCIA Y AUXILIO VIAL DE LA RED FONADIN, DE LA UNIDAD REGIONAL QUERÉTARO.","Fianza sugerida":"Suministro"},{"Empresa":"BOEHRINGER INGELHEIM MEXICO SA DE CV","Beneficiario":"SERVICIOS DE SALUD DEL INSTITUTO MEXICANO DEL SEGURO SOCIAL PARA EL BIENESTAR","Fecha":"24\/03\/2025","Monto":984745432.9700000286,"Descripción":"COMPRA CONSOLIDADA DE MEDICAMENTOS (PATENTES)F3 PARA LOS EJERCICIOS 2025-2026","Fianza sugerida":"Anticipo + Cumplimiento"},{"Empresa":"KEDRION MEXICANA SA DE CV","Beneficiario":"INSTITUTO DE SEGURIDAD Y SERVICIOS SOCIALES DE LOS TRABAJADORES DEL ESTADO","Fecha":"07\/02\/2025","Monto":981399510.0,"Descripción":"ADQUISICION DE MEDICINAS Y PRODUCTOS FARMACEUTICOS","Fianza sugerida":"Anticipo + Cumplimiento"},{"Empresa":"LABORATORIOS PISA SA DE CV","Beneficiario":"INSTITUTO DE SEGURIDAD Y SERVICIOS SOCIALES DE LOS TRABAJADORES DEL ESTADO","Fecha":"06\/03\/2025","Monto":975238794.0700000525,"Descripción":"ADQUISCION DE MEDICINAS Y PRODUCTOS FARMACEUTICOS","Fianza sugerida":"Anticipo + Cumplimiento"},{"Empresa":"BIORESEARCH DE MEXICO SA DE CV","Beneficiario":"INSTITUTO MEXICANO DEL SEGURO SOCIAL","Fecha":"20\/06\/2025","Monto":955658293.1000000238,"Descripción":"COMPRA DE LAS CLAVES NECESARIAS PARA EL SECTOR SALUD","Fianza sugerida":"Anticipo + Cumplimiento"},{"Empresa":"MEDTRONIC S DE RL DE CV","Beneficiario":"SERVICIOS DE SALUD DEL INSTITUTO MEXICANO DEL SEGURO SOCIAL PARA EL BIENESTAR","Fecha":"10\/06\/2025","Monto":953083294.7999999523,"Descripción":"COMPRA DE LAS CLAVES NECESARIAS PARA EL SECTOR SALUD, ESPECÍFICAMENTE DE LAS COR","Fianza sugerida":"Anticipo + Cumplimiento"},{"Empresa":"SANOFI PASTEUR SA DE CV","Beneficiario":"INSTITUTO MEXICANO DEL SEGURO SOCIAL","Fecha":"20\/06\/2025","Monto":947320889.4700000286,"Descripción":"COMPRA DE LAS CLAVES NECESARIAS PARA EL SECTOR SALUD","Fianza sugerida":"Anticipo + Cumplimiento"},{"Empresa":"COMERCIALIZADORA INTERNACIONAL DE COMPRESORES SA DE CV","Beneficiario":"INSTITUTO MEXICANO DEL SEGURO SOCIAL","Fecha":"20\/06\/2025","Monto":940212285.1200000048,"Descripción":"SERVICIO DE MANTENIMIENTO PREVENTIVO Y CORRECTIVO CON SUMINISTRO DE REFACCIONES ORIGINALES A CENTRALES DE AIRE GRADO MÉDICO Y CENTRALES DE VACÍO GRADO MÉDICO EN UNIDADES MÉDICAS DEL INSTITUTO","Fianza sugerida":"Suministro"},{"Empresa":"DELMAN INTERNACIONAL SA DE CV","Beneficiario":"COMISION NACIONAL DE LIBROS DE TEXTO GRATUITOS","Fecha":"25\/03\/2025","Monto":936850744.3200000525,"Descripción":"ADQUISICIÓN CONSOLIDADA DE PRODUCTOS DE PAPEL ADQUIRIDOS COMO MATERIA PRIMA PARA IMPRESIÓN DE DOCUMENTOS OFICIALES, LIBROS Y OTRAS PUBLICACIONES, PARA EL EJERCICIO FISCAL 2025 (PARTIDAS 2 Y 3)","Fianza sugerida":"Anticipo + Cumplimiento"},{"Empresa":"SANOFI PASTEUR SA DE CV","Beneficiario":"INSTITUTO MEXICANO DEL SEGURO SOCIAL","Fecha":"24\/02\/2025","Monto":925554720.0,"Descripción":"COMPRA CONSOLIDADA DE MEDICAMENTOS, BIENES TERAPÉUTICOS, MATERIAL DE CURACIÓN","Fianza sugerida":"Suministro"},{"Empresa":"INFRA SA DE CV","Beneficiario":"SERVICIOS DE SALUD DEL INSTITUTO MEXICANO DEL SEGURO SOCIAL PARA EL BIENESTAR","Fecha":"06\/01\/2025","Monto":918031826.5499999523,"Descripción":"SUMINISTRO DE OXÍGENO MEDICINAL DOMICILIARIO, OXÍGENO MEDICINAL HOSPITALARIO Y GASES MEDICINALES PARA LAS UNIDADES MÉDICAS DE SERVICIOS DE SALUD INSTITUTO MEXICANO DEL SEGURO SOCIAL PARA EL BIENESTAR (IMSS-BIENESTAR) CORRESPINDIENTE AL EJERCICIO FISCAL 2025","Fianza sugerida":"Suministro"},{"Empresa":"FRESENIUS KABI MEXICO SA DE CV","Beneficiario":"INSTITUTO MEXICANO DEL SEGURO SOCIAL","Fecha":"20\/06\/2025","Monto":906003031.5,"Descripción":"COMPRA DE LAS CLAVES NECESARIAS PARA EL SECTOR SALUD","Fianza sugerida":"Anticipo + Cumplimiento"},{"Empresa":"BOEHRINGER INGELHEIM MEXICO SA DE CV","Beneficiario":"INSTITUTO MEXICANO DEL SEGURO SOCIAL","Fecha":"06\/03\/2025","Monto":901938653.5599999428,"Descripción":"COMPRA CONSOLIDADA DE MEDICAMENTOS (PATENTES)F3 PARA LOS EJERCICIOS 2025-2026","Fianza sugerida":"Anticipo + Cumplimiento"},{"Empresa":"PHARMAJAL SERVICIOS INTEGRALES FARMACEUTICOS SA DE CV","Beneficiario":"SECRETARÍA DE FINANZAS Y ADMINISTRACIÓN","Fecha":"03\/01\/2025","Monto":900000000.0299999714,"Descripción":"EL PROVEEDOR SE OBLIGA A OTORGAR A EL GOBIERNO POR CONDUCTO DEL ISAPEG LOS MEDICAMENTOS, MATERIAL DE CURACIÓN Y EL SERVICIO DE ADMINISTRACIÓN Y DISPENSACIÓN DE LOS MISMOS EN LA MODALIDAD DE STOCK, FARMACIA Y SERVICIO DE UNIDOSIS PARA  LAS UNIDADES MÉDICAS DEL INSTITUTO DE SALUD PÚBLICA DEL ESTADO DE GUANAJUATO, EN ESTRICTO APEGO A LAS BASES, ANEXOS Y JUNTA DE ACLARACIONES DE LA LICITACIÓN PÚBLICA INTERNACIONAL BAJO LA COBERTURA DE TRATADOS PRESENCIAL NO. 40004001-024-24, Y DE CONFORMIDAD A LO OFERTADO EN SUS PROPUESTAS TÉCNICA Y ECONÓMICA ACEPTADA, DOCUMENTAL TODA QUE FIRMADA POR LAS PARTES FORMAN PARTE INTEGRAL DEL CONTRATO.","Fianza sugerida":"Suministro"},{"Empresa":"SOLOMED SA DE CV","Beneficiario":"INSTITUTO MEXICANO DEL SEGURO SOCIAL","Fecha":"28\/02\/2025","Monto":894630677.7599999905,"Descripción":"COMPRA CONSOLIDADA DE MEDICAMENTOS, BIENES TERAPÉUTICOS, MATERIAL DE CURACIÓN..","Fianza sugerida":"Suministro"},{"Empresa":"3M MEXICO SA DE CV","Beneficiario":"INSTITUTO MEXICANO DEL SEGURO SOCIAL","Fecha":"21\/02\/2025","Monto":878686459.25,"Descripción":"COMPRA CONSOLIDADA DE MEDICAMENTOS, BIENES TERAPÉUTICOS, MATERIAL DE CURACIÓN..","Fianza sugerida":"Suministro"},{"Empresa":"ASOKAM SA DE CV","Beneficiario":"INSTITUTO MEXICANO DEL SEGURO SOCIAL","Fecha":"24\/02\/2025","Monto":875048945.8500000238,"Descripción":"COMPRA CONSOLIDADA DE MEDICAMENTOS, BIENES TERAPÉUTICOS, MATERIAL DE CURACIÓN..","Fianza sugerida":"Suministro"},{"Empresa":"SERVIPRO DE MEXICO SA DE CV","Beneficiario":"INSTITUTO POLITECNICO NACIONAL","Fecha":"14\/03\/2025","Monto":874638135.1799999475,"Descripción":"CONTRATACIÓN PLURIANUAL DEL SERVICIO INTEGRAL DE JARDINERÍA EN LOS INMUEBLES DE LAS DIVERSAS DEPENDENCIAS POLITÉCNICAS DEL INSTITUTO POLITÉCNICO NACIONAL, PARA LOS EJERCICIOS FISCALES 2025 AL 2028 (PARTIDAS 1, 2, 3, 4 Y 5)","Fianza sugerida":"Anticipo + Cumplimiento"},{"Empresa":"NOVAG INFANCIA SA DE CV","Beneficiario":"INSTITUTO MEXICANO DEL SEGURO SOCIAL","Fecha":"17\/06\/2025","Monto":868750879.2999999523,"Descripción":"COMPRA DE LAS CLAVES NECESARIAS PARA EL SECTOR SALUD","Fianza sugerida":"Anticipo + Cumplimiento"},{"Empresa":"ULTRA LABORATORIOS SA DE CV","Beneficiario":"INSTITUTO DE SEGURIDAD Y SERVICIOS SOCIALES DE LOS TRABAJADORES DEL ESTADO","Fecha":"19\/06\/2025","Monto":867213665.4299999475,"Descripción":"ADQUISICIÓN DE MEDICINAS Y PRODUCTOS FARMACÉUTICOS","Fianza sugerida":"Anticipo + Cumplimiento"},{"Empresa":"IMPORTADORA Y MANUFACTURERA BRULUART SA","Beneficiario":"INSTITUTO MEXICANO DEL SEGURO SOCIAL","Fecha":"20\/06\/2025","Monto":853433223.3999999762,"Descripción":"COMPRA DE LAS CLAVES NECESARIAS PARA EL SECTOR SALUD","Fianza sugerida":"Anticipo + Cumplimiento"},{"Empresa":"BAXTER SA DE CV","Beneficiario":"INSTITUTO DE SEGURIDAD Y SERVICIOS SOCIALES DE LOS TRABAJADORES DEL ESTADO","Fecha":"12\/03\/2025","Monto":851856726.7699999809,"Descripción":"ADQUISICION DE MEDICINAS Y PRODUCTOS FARMACEUTICOS","Fianza sugerida":"Anticipo + Cumplimiento"},{"Empresa":"SANOFI PASTEUR SA DE CV","Beneficiario":"INSTITUTO MEXICANO DEL SEGURO SOCIAL","Fecha":"06\/03\/2025","Monto":849661093.3400000334,"Descripción":"COMPRA CONSOLIDADA DE MEDICAMENTOS (PATENTES)F3 PARA LOS EJERCICIOS 2025-2026","Fianza sugerida":"Anticipo + Cumplimiento"},{"Empresa":"ASOFARMA DE MEXICO SA DE CV","Beneficiario":"INSTITUTO MEXICANO DEL SEGURO SOCIAL","Fecha":"06\/03\/2025","Monto":848830337.5800000429,"Descripción":"COMPRA CONSOLIDADA DE MEDICAMENTOS (PATENTES)F3 PARA LOS EJERCICIOS 2025-2026","Fianza sugerida":"Anticipo + Cumplimiento"},{"Empresa":"ABBVIE FARMACEUTICOS SA DE CV","Beneficiario":"INSTITUTO MEXICANO DEL SEGURO SOCIAL","Fecha":"24\/02\/2025","Monto":843859973.6399999857,"Descripción":"COMPRA CONSOLIDADA DE MEDICAMENTOS, BIENES TERAPÉUTICOS, MATERIAL DE CURACIÓN..","Fianza sugerida":"Suministro"}]